pid,slope,intercept,r,p,std_err
1,0.4904736860910241,-0.135648156357004,0.6547242750131792,0.0009450557120204197,0.12661586116938212
2,0.6341440719810226,-0.38532228828985216,0.7214217796813174,0.00015116044727289072,0.1361134105708066
3,0.5980767634273221,-0.5362232765481607,0.738656504897107,8.641528437885387e-05,0.12204279555627731
4,0.5309460084936883,-0.2986487732354941,0.7173013936686821,0.0001717563449579241,0.11532375709737305
5,0.45060902366405464,-0.16460913718985748,0.7233352845470126,0.00014234723747997302,0.09618492559583092
6,0.4668380756560551,-0.39840368279470684,0.8600345334293551,2.885284409647923e-07,0.06193074923465522
7,0.6611814905317065,-0.6975367501016161,0.8292065169171858,1.8454056173964297e-06,0.09965750278020809
8,0.4323414299894863,0.05756699636316154,0.5458517924177914,0.008592062810630758,0.14839519720189862
